name,link,severity,package,version,fixedBy
CVE-2025-13836,https://avd.aquasec.com/nvd/cve-2025-13836,CRITICAL,libpython3.13-minimal,3.13.5-2,
CVE-2025-13836,https://avd.aquasec.com/nvd/cve-2025-13836,CRITICAL,libpython3.13-stdlib,3.13.5-2,
CVE-2025-15467,https://avd.aquasec.com/nvd/cve-2025-15467,CRITICAL,libssl3t64,3.5.4-1~deb13u1,3.5.4-1~deb13u2
CVE-2025-15467,https://avd.aquasec.com/nvd/cve-2025-15467,CRITICAL,openssl,3.5.4-1~deb13u1,3.5.4-1~deb13u2
CVE-2025-15467,https://avd.aquasec.com/nvd/cve-2025-15467,CRITICAL,openssl-provider-legacy,3.5.4-1~deb13u1,3.5.4-1~deb13u2
CVE-2025-13836,https://avd.aquasec.com/nvd/cve-2025-13836,CRITICAL,python3.13,3.13.5-2,
CVE-2025-13836,https://avd.aquasec.com/nvd/cve-2025-13836,CRITICAL,python3.13-minimal,3.13.5-2,
CVE-2026-0861,https://avd.aquasec.com/nvd/cve-2026-0861,HIGH,libc-bin,2.41-12+deb13u1,
CVE-2026-0861,https://avd.aquasec.com/nvd/cve-2026-0861,HIGH,libc6,2.41-12+deb13u1,
CVE-2025-15366,https://avd.aquasec.com/nvd/cve-2025-15366,HIGH,libpython3.13-minimal,3.13.5-2,
CVE-2025-15367,https://avd.aquasec.com/nvd/cve-2025-15367,HIGH,libpython3.13-minimal,3.13.5-2,
CVE-2025-8194,https://avd.aquasec.com/nvd/cve-2025-8194,HIGH,libpython3.13-minimal,3.13.5-2,
CVE-2025-15366,https://avd.aquasec.com/nvd/cve-2025-15366,HIGH,libpython3.13-stdlib,3.13.5-2,
CVE-2025-15367,https://avd.aquasec.com/nvd/cve-2025-15367,HIGH,libpython3.13-stdlib,3.13.5-2,
CVE-2025-8194,https://avd.aquasec.com/nvd/cve-2025-8194,HIGH,libpython3.13-stdlib,3.13.5-2,
CVE-2025-69419,https://avd.aquasec.com/nvd/cve-2025-69419,HIGH,libssl3t64,3.5.4-1~deb13u1,3.5.4-1~deb13u2
CVE-2025-69419,https://avd.aquasec.com/nvd/cve-2025-69419,HIGH,openssl,3.5.4-1~deb13u1,3.5.4-1~deb13u2
CVE-2025-69419,https://avd.aquasec.com/nvd/cve-2025-69419,HIGH,openssl-provider-legacy,3.5.4-1~deb13u1,3.5.4-1~deb13u2
CVE-2025-15366,https://avd.aquasec.com/nvd/cve-2025-15366,HIGH,python3.13,3.13.5-2,
CVE-2025-15367,https://avd.aquasec.com/nvd/cve-2025-15367,HIGH,python3.13,3.13.5-2,
CVE-2025-8194,https://avd.aquasec.com/nvd/cve-2025-8194,HIGH,python3.13,3.13.5-2,
CVE-2025-15366,https://avd.aquasec.com/nvd/cve-2025-15366,HIGH,python3.13-minimal,3.13.5-2,
CVE-2025-15367,https://avd.aquasec.com/nvd/cve-2025-15367,HIGH,python3.13-minimal,3.13.5-2,
CVE-2025-8194,https://avd.aquasec.com/nvd/cve-2025-8194,HIGH,python3.13-minimal,3.13.5-2,
CVE-2025-14104,https://avd.aquasec.com/nvd/cve-2025-14104,MEDIUM,bsdutils,1:2.41-5,
CVE-2025-14104,https://avd.aquasec.com/nvd/cve-2025-14104,MEDIUM,libblkid1,2.41-5,
CVE-2025-15281,https://avd.aquasec.com/nvd/cve-2025-15281,MEDIUM,libc-bin,2.41-12+deb13u1,
CVE-2026-0915,https://avd.aquasec.com/nvd/cve-2026-0915,MEDIUM,libc-bin,2.41-12+deb13u1,
CVE-2025-15281,https://avd.aquasec.com/nvd/cve-2025-15281,MEDIUM,libc6,2.41-12+deb13u1,
CVE-2026-0915,https://avd.aquasec.com/nvd/cve-2026-0915,MEDIUM,libc6,2.41-12+deb13u1,
CVE-2025-59375,https://avd.aquasec.com/nvd/cve-2025-59375,MEDIUM,libexpat1,2.7.1-2,
CVE-2025-66382,https://avd.aquasec.com/nvd/cve-2025-66382,MEDIUM,libexpat1,2.7.1-2,
CVE-2025-14104,https://avd.aquasec.com/nvd/cve-2025-14104,MEDIUM,liblastlog2-2,2.41-5,
CVE-2025-14104,https://avd.aquasec.com/nvd/cve-2025-14104,MEDIUM,libmount1,2.41-5,
CVE-2025-11468,https://avd.aquasec.com/nvd/cve-2025-11468,MEDIUM,libpython3.13-minimal,3.13.5-2,
CVE-2025-12084,https://avd.aquasec.com/nvd/cve-2025-12084,MEDIUM,libpython3.13-minimal,3.13.5-2,
CVE-2025-12781,https://avd.aquasec.com/nvd/cve-2025-12781,MEDIUM,libpython3.13-minimal,3.13.5-2,
CVE-2025-13837,https://avd.aquasec.com/nvd/cve-2025-13837,MEDIUM,libpython3.13-minimal,3.13.5-2,
CVE-2025-15282,https://avd.aquasec.com/nvd/cve-2025-15282,MEDIUM,libpython3.13-minimal,3.13.5-2,
CVE-2025-6069,https://avd.aquasec.com/nvd/cve-2025-6069,MEDIUM,libpython3.13-minimal,3.13.5-2,
CVE-2025-6075,https://avd.aquasec.com/nvd/cve-2025-6075,MEDIUM,libpython3.13-minimal,3.13.5-2,
CVE-2025-8291,https://avd.aquasec.com/nvd/cve-2025-8291,MEDIUM,libpython3.13-minimal,3.13.5-2,
CVE-2026-0672,https://avd.aquasec.com/nvd/cve-2026-0672,MEDIUM,libpython3.13-minimal,3.13.5-2,
CVE-2026-0865,https://avd.aquasec.com/nvd/cve-2026-0865,MEDIUM,libpython3.13-minimal,3.13.5-2,
CVE-2025-11468,https://avd.aquasec.com/nvd/cve-2025-11468,MEDIUM,libpython3.13-stdlib,3.13.5-2,
CVE-2025-12084,https://avd.aquasec.com/nvd/cve-2025-12084,MEDIUM,libpython3.13-stdlib,3.13.5-2,
CVE-2025-12781,https://avd.aquasec.com/nvd/cve-2025-12781,MEDIUM,libpython3.13-stdlib,3.13.5-2,
CVE-2025-13837,https://avd.aquasec.com/nvd/cve-2025-13837,MEDIUM,libpython3.13-stdlib,3.13.5-2,
CVE-2025-15282,https://avd.aquasec.com/nvd/cve-2025-15282,MEDIUM,libpython3.13-stdlib,3.13.5-2,
CVE-2025-6069,https://avd.aquasec.com/nvd/cve-2025-6069,MEDIUM,libpython3.13-stdlib,3.13.5-2,
CVE-2025-6075,https://avd.aquasec.com/nvd/cve-2025-6075,MEDIUM,libpython3.13-stdlib,3.13.5-2,
CVE-2025-8291,https://avd.aquasec.com/nvd/cve-2025-8291,MEDIUM,libpython3.13-stdlib,3.13.5-2,
CVE-2026-0672,https://avd.aquasec.com/nvd/cve-2026-0672,MEDIUM,libpython3.13-stdlib,3.13.5-2,
CVE-2026-0865,https://avd.aquasec.com/nvd/cve-2026-0865,MEDIUM,libpython3.13-stdlib,3.13.5-2,
CVE-2025-14104,https://avd.aquasec.com/nvd/cve-2025-14104,MEDIUM,libsmartcols1,2.41-5,
CVE-2025-7709,https://avd.aquasec.com/nvd/cve-2025-7709,MEDIUM,libsqlite3-0,3.46.1-7,
CVE-2025-11187,https://avd.aquasec.com/nvd/cve-2025-11187,MEDIUM,libssl3t64,3.5.4-1~deb13u1,3.5.4-1~deb13u2
CVE-2025-15468,https://avd.aquasec.com/nvd/cve-2025-15468,MEDIUM,libssl3t64,3.5.4-1~deb13u1,3.5.4-1~deb13u2
CVE-2025-15469,https://avd.aquasec.com/nvd/cve-2025-15469,MEDIUM,libssl3t64,3.5.4-1~deb13u1,3.5.4-1~deb13u2
CVE-2025-66199,https://avd.aquasec.com/nvd/cve-2025-66199,MEDIUM,libssl3t64,3.5.4-1~deb13u1,3.5.4-1~deb13u2
CVE-2025-68160,https://avd.aquasec.com/nvd/cve-2025-68160,MEDIUM,libssl3t64,3.5.4-1~deb13u1,3.5.4-1~deb13u2
CVE-2025-69418,https://avd.aquasec.com/nvd/cve-2025-69418,MEDIUM,libssl3t64,3.5.4-1~deb13u1,3.5.4-1~deb13u2
CVE-2025-69420,https://avd.aquasec.com/nvd/cve-2025-69420,MEDIUM,libssl3t64,3.5.4-1~deb13u1,3.5.4-1~deb13u2
CVE-2025-69421,https://avd.aquasec.com/nvd/cve-2025-69421,MEDIUM,libssl3t64,3.5.4-1~deb13u1,3.5.4-1~deb13u2
CVE-2026-22795,https://avd.aquasec.com/nvd/cve-2026-22795,MEDIUM,libssl3t64,3.5.4-1~deb13u1,3.5.4-1~deb13u2
CVE-2026-22796,https://avd.aquasec.com/nvd/cve-2026-22796,MEDIUM,libssl3t64,3.5.4-1~deb13u1,3.5.4-1~deb13u2
CVE-2025-14104,https://avd.aquasec.com/nvd/cve-2025-14104,MEDIUM,libuuid1,2.41-5,
CVE-2025-14104,https://avd.aquasec.com/nvd/cve-2025-14104,MEDIUM,login,1:4.16.0-2+really2.41-5,
CVE-2025-14104,https://avd.aquasec.com/nvd/cve-2025-14104,MEDIUM,mount,2.41-5,
CVE-2025-11187,https://avd.aquasec.com/nvd/cve-2025-11187,MEDIUM,openssl,3.5.4-1~deb13u1,3.5.4-1~deb13u2
CVE-2025-15468,https://avd.aquasec.com/nvd/cve-2025-15468,MEDIUM,openssl,3.5.4-1~deb13u1,3.5.4-1~deb13u2
CVE-2025-15469,https://avd.aquasec.com/nvd/cve-2025-15469,MEDIUM,openssl,3.5.4-1~deb13u1,3.5.4-1~deb13u2
CVE-2025-66199,https://avd.aquasec.com/nvd/cve-2025-66199,MEDIUM,openssl,3.5.4-1~deb13u1,3.5.4-1~deb13u2
CVE-2025-68160,https://avd.aquasec.com/nvd/cve-2025-68160,MEDIUM,openssl,3.5.4-1~deb13u1,3.5.4-1~deb13u2
CVE-2025-69418,https://avd.aquasec.com/nvd/cve-2025-69418,MEDIUM,openssl,3.5.4-1~deb13u1,3.5.4-1~deb13u2
CVE-2025-69420,https://avd.aquasec.com/nvd/cve-2025-69420,MEDIUM,openssl,3.5.4-1~deb13u1,3.5.4-1~deb13u2
CVE-2025-69421,https://avd.aquasec.com/nvd/cve-2025-69421,MEDIUM,openssl,3.5.4-1~deb13u1,3.5.4-1~deb13u2
CVE-2026-22795,https://avd.aquasec.com/nvd/cve-2026-22795,MEDIUM,openssl,3.5.4-1~deb13u1,3.5.4-1~deb13u2
CVE-2026-22796,https://avd.aquasec.com/nvd/cve-2026-22796,MEDIUM,openssl,3.5.4-1~deb13u1,3.5.4-1~deb13u2
CVE-2025-11187,https://avd.aquasec.com/nvd/cve-2025-11187,MEDIUM,openssl-provider-legacy,3.5.4-1~deb13u1,3.5.4-1~deb13u2
CVE-2025-15468,https://avd.aquasec.com/nvd/cve-2025-15468,MEDIUM,openssl-provider-legacy,3.5.4-1~deb13u1,3.5.4-1~deb13u2
CVE-2025-15469,https://avd.aquasec.com/nvd/cve-2025-15469,MEDIUM,openssl-provider-legacy,3.5.4-1~deb13u1,3.5.4-1~deb13u2
CVE-2025-66199,https://avd.aquasec.com/nvd/cve-2025-66199,MEDIUM,openssl-provider-legacy,3.5.4-1~deb13u1,3.5.4-1~deb13u2
CVE-2025-68160,https://avd.aquasec.com/nvd/cve-2025-68160,MEDIUM,openssl-provider-legacy,3.5.4-1~deb13u1,3.5.4-1~deb13u2
CVE-2025-69418,https://avd.aquasec.com/nvd/cve-2025-69418,MEDIUM,openssl-provider-legacy,3.5.4-1~deb13u1,3.5.4-1~deb13u2
CVE-2025-69420,https://avd.aquasec.com/nvd/cve-2025-69420,MEDIUM,openssl-provider-legacy,3.5.4-1~deb13u1,3.5.4-1~deb13u2
CVE-2025-69421,https://avd.aquasec.com/nvd/cve-2025-69421,MEDIUM,openssl-provider-legacy,3.5.4-1~deb13u1,3.5.4-1~deb13u2
CVE-2026-22795,https://avd.aquasec.com/nvd/cve-2026-22795,MEDIUM,openssl-provider-legacy,3.5.4-1~deb13u1,3.5.4-1~deb13u2
CVE-2026-22796,https://avd.aquasec.com/nvd/cve-2026-22796,MEDIUM,openssl-provider-legacy,3.5.4-1~deb13u1,3.5.4-1~deb13u2
CVE-2025-11468,https://avd.aquasec.com/nvd/cve-2025-11468,MEDIUM,python3.13,3.13.5-2,
CVE-2025-12084,https://avd.aquasec.com/nvd/cve-2025-12084,MEDIUM,python3.13,3.13.5-2,
CVE-2025-12781,https://avd.aquasec.com/nvd/cve-2025-12781,MEDIUM,python3.13,3.13.5-2,
CVE-2025-13837,https://avd.aquasec.com/nvd/cve-2025-13837,MEDIUM,python3.13,3.13.5-2,
CVE-2025-15282,https://avd.aquasec.com/nvd/cve-2025-15282,MEDIUM,python3.13,3.13.5-2,
CVE-2025-6069,https://avd.aquasec.com/nvd/cve-2025-6069,MEDIUM,python3.13,3.13.5-2,
CVE-2025-6075,https://avd.aquasec.com/nvd/cve-2025-6075,MEDIUM,python3.13,3.13.5-2,
CVE-2025-8291,https://avd.aquasec.com/nvd/cve-2025-8291,MEDIUM,python3.13,3.13.5-2,
CVE-2026-0672,https://avd.aquasec.com/nvd/cve-2026-0672,MEDIUM,python3.13,3.13.5-2,
CVE-2026-0865,https://avd.aquasec.com/nvd/cve-2026-0865,MEDIUM,python3.13,3.13.5-2,
CVE-2025-11468,https://avd.aquasec.com/nvd/cve-2025-11468,MEDIUM,python3.13-minimal,3.13.5-2,
CVE-2025-12084,https://avd.aquasec.com/nvd/cve-2025-12084,MEDIUM,python3.13-minimal,3.13.5-2,
CVE-2025-12781,https://avd.aquasec.com/nvd/cve-2025-12781,MEDIUM,python3.13-minimal,3.13.5-2,
CVE-2025-13837,https://avd.aquasec.com/nvd/cve-2025-13837,MEDIUM,python3.13-minimal,3.13.5-2,
CVE-2025-15282,https://avd.aquasec.com/nvd/cve-2025-15282,MEDIUM,python3.13-minimal,3.13.5-2,
CVE-2025-6069,https://avd.aquasec.com/nvd/cve-2025-6069,MEDIUM,python3.13-minimal,3.13.5-2,
CVE-2025-6075,https://avd.aquasec.com/nvd/cve-2025-6075,MEDIUM,python3.13-minimal,3.13.5-2,
CVE-2025-8291,https://avd.aquasec.com/nvd/cve-2025-8291,MEDIUM,python3.13-minimal,3.13.5-2,
CVE-2026-0672,https://avd.aquasec.com/nvd/cve-2026-0672,MEDIUM,python3.13-minimal,3.13.5-2,
CVE-2026-0865,https://avd.aquasec.com/nvd/cve-2026-0865,MEDIUM,python3.13-minimal,3.13.5-2,
CVE-2025-14104,https://avd.aquasec.com/nvd/cve-2025-14104,MEDIUM,util-linux,2.41-5,
CVE-2011-3374,https://avd.aquasec.com/nvd/cve-2011-3374,LOW,apt,3.0.3,
TEMP-0841856-B18BAF,https://security-tracker.debian.org/tracker/TEMP-0841856-B18BAF,LOW,bash,5.2.37-2+b7,
CVE-2022-0563,https://avd.aquasec.com/nvd/cve-2022-0563,LOW,bsdutils,1:2.41-5,
CVE-2017-18018,https://avd.aquasec.com/nvd/cve-2017-18018,LOW,coreutils,9.7-3,
CVE-2025-5278,https://avd.aquasec.com/nvd/cve-2025-5278,LOW,coreutils,9.7-3,
CVE-2011-3374,https://avd.aquasec.com/nvd/cve-2011-3374,LOW,libapt-pkg7.0,3.0.3,
CVE-2022-0563,https://avd.aquasec.com/nvd/cve-2022-0563,LOW,libblkid1,2.41-5,
CVE-2010-4756,https://avd.aquasec.com/nvd/cve-2010-4756,LOW,libc-bin,2.41-12+deb13u1,
CVE-2018-20796,https://avd.aquasec.com/nvd/cve-2018-20796,LOW,libc-bin,2.41-12+deb13u1,
CVE-2019-1010022,https://avd.aquasec.com/nvd/cve-2019-1010022,LOW,libc-bin,2.41-12+deb13u1,
CVE-2019-1010023,https://avd.aquasec.com/nvd/cve-2019-1010023,LOW,libc-bin,2.41-12+deb13u1,
CVE-2019-1010024,https://avd.aquasec.com/nvd/cve-2019-1010024,LOW,libc-bin,2.41-12+deb13u1,
CVE-2019-1010025,https://avd.aquasec.com/nvd/cve-2019-1010025,LOW,libc-bin,2.41-12+deb13u1,
CVE-2019-9192,https://avd.aquasec.com/nvd/cve-2019-9192,LOW,libc-bin,2.41-12+deb13u1,
CVE-2010-4756,https://avd.aquasec.com/nvd/cve-2010-4756,LOW,libc6,2.41-12+deb13u1,
CVE-2018-20796,https://avd.aquasec.com/nvd/cve-2018-20796,LOW,libc6,2.41-12+deb13u1,
CVE-2019-1010022,https://avd.aquasec.com/nvd/cve-2019-1010022,LOW,libc6,2.41-12+deb13u1,
CVE-2019-1010023,https://avd.aquasec.com/nvd/cve-2019-1010023,LOW,libc6,2.41-12+deb13u1,
CVE-2019-1010024,https://avd.aquasec.com/nvd/cve-2019-1010024,LOW,libc6,2.41-12+deb13u1,
CVE-2019-1010025,https://avd.aquasec.com/nvd/cve-2019-1010025,LOW,libc6,2.41-12+deb13u1,
CVE-2019-9192,https://avd.aquasec.com/nvd/cve-2019-9192,LOW,libc6,2.41-12+deb13u1,
CVE-2026-24515,https://avd.aquasec.com/nvd/cve-2026-24515,LOW,libexpat1,2.7.1-2,
CVE-2022-0563,https://avd.aquasec.com/nvd/cve-2022-0563,LOW,liblastlog2-2,2.41-5,
CVE-2022-0563,https://avd.aquasec.com/nvd/cve-2022-0563,LOW,libmount1,2.41-5,
CVE-2025-6141,https://avd.aquasec.com/nvd/cve-2025-6141,LOW,libncursesw6,6.5+20250216-2,
CVE-2022-0563,https://avd.aquasec.com/nvd/cve-2022-0563,LOW,libsmartcols1,2.41-5,
CVE-2021-45346,https://avd.aquasec.com/nvd/cve-2021-45346,LOW,libsqlite3-0,3.46.1-7,
CVE-2013-4392,https://avd.aquasec.com/nvd/cve-2013-4392,LOW,libsystemd0,257.9-1~deb13u1,
CVE-2023-31437,https://avd.aquasec.com/nvd/cve-2023-31437,LOW,libsystemd0,257.9-1~deb13u1,
CVE-2023-31438,https://avd.aquasec.com/nvd/cve-2023-31438,LOW,libsystemd0,257.9-1~deb13u1,
CVE-2023-31439,https://avd.aquasec.com/nvd/cve-2023-31439,LOW,libsystemd0,257.9-1~deb13u1,
CVE-2025-6141,https://avd.aquasec.com/nvd/cve-2025-6141,LOW,libtinfo6,6.5+20250216-2,
CVE-2013-4392,https://avd.aquasec.com/nvd/cve-2013-4392,LOW,libudev1,257.9-1~deb13u1,
CVE-2023-31437,https://avd.aquasec.com/nvd/cve-2023-31437,LOW,libudev1,257.9-1~deb13u1,
CVE-2023-31438,https://avd.aquasec.com/nvd/cve-2023-31438,LOW,libudev1,257.9-1~deb13u1,
CVE-2023-31439,https://avd.aquasec.com/nvd/cve-2023-31439,LOW,libudev1,257.9-1~deb13u1,
CVE-2022-0563,https://avd.aquasec.com/nvd/cve-2022-0563,LOW,libuuid1,2.41-5,
CVE-2022-0563,https://avd.aquasec.com/nvd/cve-2022-0563,LOW,login,1:4.16.0-2+really2.41-5,
CVE-2007-5686,https://avd.aquasec.com/nvd/cve-2007-5686,LOW,login.defs,1:4.17.4-2,
CVE-2024-56433,https://avd.aquasec.com/nvd/cve-2024-56433,LOW,login.defs,1:4.17.4-2,
TEMP-0628843-DBAD28,https://security-tracker.debian.org/tracker/TEMP-0628843-DBAD28,LOW,login.defs,1:4.17.4-2,
CVE-2022-0563,https://avd.aquasec.com/nvd/cve-2022-0563,LOW,mount,2.41-5,
CVE-2025-6141,https://avd.aquasec.com/nvd/cve-2025-6141,LOW,ncurses-base,6.5+20250216-2,
CVE-2025-6141,https://avd.aquasec.com/nvd/cve-2025-6141,LOW,ncurses-bin,6.5+20250216-2,
CVE-2007-5686,https://avd.aquasec.com/nvd/cve-2007-5686,LOW,passwd,1:4.17.4-2,
CVE-2024-56433,https://avd.aquasec.com/nvd/cve-2024-56433,LOW,passwd,1:4.17.4-2,
TEMP-0628843-DBAD28,https://security-tracker.debian.org/tracker/TEMP-0628843-DBAD28,LOW,passwd,1:4.17.4-2,
CVE-2011-4116,https://avd.aquasec.com/nvd/cve-2011-4116,LOW,perl-base,5.40.1-6,
TEMP-0517018-A83CE6,https://security-tracker.debian.org/tracker/TEMP-0517018-A83CE6,LOW,sysvinit-utils,3.14-4,
CVE-2005-2541,https://avd.aquasec.com/nvd/cve-2005-2541,LOW,tar,1.35+dfsg-3.1,
TEMP-0290435-0B57B5,https://security-tracker.debian.org/tracker/TEMP-0290435-0B57B5,LOW,tar,1.35+dfsg-3.1,
CVE-2022-0563,https://avd.aquasec.com/nvd/cve-2022-0563,LOW,util-linux,2.41-5,
CVE-2026-1299,https://avd.aquasec.com/nvd/cve-2026-1299,UNDEFINED,libpython3.13-minimal,3.13.5-2,
CVE-2026-1299,https://avd.aquasec.com/nvd/cve-2026-1299,UNDEFINED,libpython3.13-stdlib,3.13.5-2,
CVE-2026-1299,https://avd.aquasec.com/nvd/cve-2026-1299,UNDEFINED,python3.13,3.13.5-2,
CVE-2026-1299,https://avd.aquasec.com/nvd/cve-2026-1299,UNDEFINED,python3.13-minimal,3.13.5-2,